Item,Title,Price,Image_link,Purchase_link
Apple,iPhone 11 Pro Max 512GB,"165,000",https://www.buymobile.com.bd/image/cache/catalog/buymobile/2019/009/Apple_iPhone_11_Pro_mul-228x228.jpg,https://www.buymobile.com.bd/iphone-11-pro-max-512GB
Apple,iPhone 11 Pro Max 256GB,"140,000",https://www.buymobile.com.bd/image/cache/catalog/buymobile/2019/009/llllllllllllllllll-228x228.jpg,https://www.buymobile.com.bd/iphone-11-pro-max-256gb
Apple,iPhone 11 Pro Max 64GB,"105,000",https://www.buymobile.com.bd/image/cache/catalog/buymobile/2019/009/apple-iphone-11-pro-promax-featured-228x228.png,https://www.buymobile.com.bd/iphone-11-pro-max-64gb
Apple,iPhone 11 Pro 512GB,"150,000",https://www.buymobile.com.bd/image/cache/catalog/buymobile/2019/009/Apple%20iPhone%2011%20Pro%202-228x228.jpg,https://www.buymobile.com.bd/iphone-11-pro-512gb
Apple,iPhone 11 Pro 256GB,"127,000",https://www.buymobile.com.bd/image/cache/catalog/buymobile/2019/009/Apple_iPhone_11_Pro_mul-228x228.jpg,https://www.buymobile.com.bd/iphone-11-pro-256gb
Apple,iPhone 11 256GB,"88,000",https://www.buymobile.com.bd/image/cache/catalog/buymobile/2019/009/iphone11-red-select-2019-228x228.png,https://www.buymobile.com.bd/iphone-11-256gb
Apple,iPhone 11 128GB,"77,000",https://www.buymobile.com.bd/image/cache/catalog/buymobile/2019/009/iphone11-black-select-2019-228x228.png,https://www.buymobile.com.bd/iphone-11-128gb
Apple,iPhone 11 64 GB,"69,000",https://www.buymobile.com.bd/image/cache/catalog/buymobile/2019/009/iphone-11-228x228.jpg,https://www.buymobile.com.bd/iphone-11-pro-64gb
Apple,iPhone 11 Pro 64 GB,"98,000",https://www.buymobile.com.bd/image/cache/catalog/buymobile/2019/009/iphone-11-pro-select-2019-family-228x228.jpg,https://www.buymobile.com.bd/iPhone-11-pro-64-gb-price-in-bangladesh
Umidigi,Umidigi Z2 Price Bangladesh,"13,500",https://www.buymobile.com.bd/image/cache/catalog/umidigi/umidigi-z2/z1-228x228.jpg,https://www.buymobile.com.bd/umidigi-z2-Price-bangladesh
Oppo,Oppo R17 Pro,"69,990",https://www.buymobile.com.bd/image/cache/catalog/oppo/r17-pro/r17-pro1-228x228.jpg,https://www.buymobile.com.bd/oppo-r17-pro
Alcatel,Alcatel 2053D,"1,800",https://www.buymobile.com.bd/image/cache/catalog/buymobile/2019/001/alcatel-20-53-czarny-1-228x228.jpg,https://www.buymobile.com.bd/alcatel-2053
Ovvi,Ovvi Brown 1,"5,990",https://www.buymobile.com.bd/image/cache/catalog/ovvi/feature-228x228.jpg,https://www.buymobile.com.bd/ovvi-brown-1
OnePlus,OnePlus 6T,"50,000",https://www.buymobile.com.bd/image/cache/catalog/oneplus/one-6t/oneplus-6t-price-bangladesh-228x228.jpg,https://www.buymobile.com.bd/oneplus-6t
BLU,BLU Diva Flex,"2,000",https://www.buymobile.com.bd/image/cache/catalog/blu/b1-228x228.jpg,https://www.buymobile.com.bd/blu-diva-flex
Infinix,Infinix Smart 2 Pro,"8,990",https://www.buymobile.com.bd/image/cache/catalog/infinix/smart-2-pro/in1-228x228.jpg,https://www.buymobile.com.bd/infinix-smart-2-pro
Xiaomi,Xiaomi Redmi 6A,"8,500",https://www.buymobile.com.bd/image/cache/catalog/xiaomi/redmi-6a/mi3-228x228.png,https://www.buymobile.com.bd/xiaomi-redmi-6a
Lenovo,Lenovo S5,"21,990",https://www.buymobile.com.bd/image/cache/catalog/lenovo/lenovo-s5/l11-228x228.jpg,https://www.buymobile.com.bd/lenovo-s5
Lenovo,Lenovo K5 Play,"14,490",https://www.buymobile.com.bd/image/cache/catalog/lenovo/k5-play/l4-228x228.jpg,https://www.buymobile.com.bd/lenovo-k5-play
Xiaomi,Xiaomi Mi A2(4/32 GB),"23,999",https://www.buymobile.com.bd/image/cache/catalog/xiaomi/mi-a2/m3-228x228.jpg,https://www.buymobile.com.bd/latest-mobile-phone?product_id=2047
Xiaomi,Xiaomi Mi A2 Lite(4/64 GB),"19,500",https://www.buymobile.com.bd/image/cache/catalog/xiaomi/mi-a2-lite/m7-228x228.jpg,https://www.buymobile.com.bd/xiaomi-a2-lite
Xiaomi,Xiaomi Mi A2 Lite(3/32 GB),"15,999",https://www.buymobile.com.bd/image/cache/catalog/xiaomi/mi-a2-lite/m11-228x228.jpg,https://www.buymobile.com.bd/xiaomi-mi-a2-lite
Xiaomi,Xiaomi Mi A2(4/64 GB),"23,999",https://www.buymobile.com.bd/image/cache/catalog/xiaomi/mi-a2/m3-228x228.jpg,https://www.buymobile.com.bd/xiaomi-mi-a2
Oppo,Oppo F9,"28,990",https://www.buymobile.com.bd/image/cache/catalog/oppo/oppo-f9/f4-228x228.jpg,https://www.buymobile.com.bd/oppo-f9
Oppo,Oppo A3s,"13,990",https://www.buymobile.com.bd/image/cache/catalog/oppo/a3s/p3-228x228.jpg,https://www.buymobile.com.bd/oppo-a3s
Maximus,Maximus M34i,930,https://www.buymobile.com.bd/image/cache/catalog/maximus/m34i/m3-228x228.jpg,https://www.buymobile.com.bd/maximus-m34i
Maximus,Maximus M29i,830,https://www.buymobile.com.bd/image/cache/catalog/maximus/m29i/m1-228x228.jpg,https://www.buymobile.com.bd/maximus-m29i
Maximus,Maximus M22,"1,200",https://www.buymobile.com.bd/image/cache/catalog/maximus/m22/m1-228x228.jpg,https://www.buymobile.com.bd/maximus-m22
OnePlus,OnePlus 6(8/128 GB),"63,990",https://www.buymobile.com.bd/image/cache/catalog/oneplus/oneplus-6/b1-228x228.jpg,https://www.buymobile.com.bd/latest-mobile-phone?product_id=2038
OnePlus,OnePlus 6(6/64 GB),"55,990",https://www.buymobile.com.bd/image/cache/catalog/oneplus/oneplus-6/b2-228x228.jpg,https://www.buymobile.com.bd/oneplus-6-6gb
Nokia,Nokia 3.1,"17,500",https://www.buymobile.com.bd/image/cache/catalog/nokia/nokia-3.1/n2-228x228.jpg,https://www.buymobile.com.bd/nokia-3.1-price-bangladesh
Huawei,Huawei Nova 3i,"26,990",https://www.buymobile.com.bd/image/cache/catalog/huawei/nova-3i/b1-228x228.jpg,https://www.buymobile.com.bd/huawei-nova-3i
WE,WE L9,"5,990",https://www.buymobile.com.bd/image/cache/catalog/we%20mobile/we-l9/v1-228x228.jpg,https://www.buymobile.com.bd/we-l9
WE,WE F1,"5,490",https://www.buymobile.com.bd/image/cache/catalog/we%20mobile/we-f1/v1-228x228.jpg,https://www.buymobile.com.bd/we-f1
WE,WE R4,"7,590",https://www.buymobile.com.bd/image/cache/catalog/we%20mobile/we-r4/v1-228x228.jpg,https://www.buymobile.com.bd/we-r4
WE,WE V4,"9,090",https://www.buymobile.com.bd/image/cache/catalog/we%20mobile/we-v4/v1-228x228.jpg,https://www.buymobile.com.bd/we-v4
Maximus,Maximus M314b,"1,400",https://www.buymobile.com.bd/image/cache/catalog/maximus/M314b/m0-228x228.jpg,https://www.buymobile.com.bd/maximus-m314b
Infinix,Infinix Note 5,"14,990",https://www.buymobile.com.bd/image/cache/catalog/infinix/note-5/in1-228x228.jpg,https://www.buymobile.com.bd/infinix-note-5
Nokia,Nokia 8110 4G,"7,200",https://www.buymobile.com.bd/image/cache/catalog/nokia/8110-4g/n1-228x228.jpg,https://www.buymobile.com.bd/nokia-8110-4g
UMIDIGI,UMIDIGI Z2,0,https://www.buymobile.com.bd/image/cache/catalog/umidigi/umidigi-z2/z1-228x228.jpg,https://www.buymobile.com.bd/umidigi-z2
UMIDIGI,UMIDIGI Z2 Pro,0,https://www.buymobile.com.bd/image/cache/catalog/umidigi/z2-pro/z3-228x228.jpg,https://www.buymobile.com.bd/umidigi-z2-pro
Xiaomi,Xiaomi Redmi S2 (4/64GB),"17,990",https://www.buymobile.com.bd/image/cache/catalog/xiaomi/redmi-s2/b2-228x228.jpg,https://www.buymobile.com.bd/xiaomi-redmi-s2-4gb
Xiaomi,Xiaomi Redmi S2 (3/32GB),"14,990",https://www.buymobile.com.bd/image/cache/catalog/xiaomi/redmi-s2/b1-228x228.jpg,https://www.buymobile.com.bd/xiaomi-redmi-s2-3gb
Maximus,Maximus M326m,"1,200",https://www.buymobile.com.bd/image/cache/catalog/maximus/m326m/m1-228x228.jpg,https://www.buymobile.com.bd/maximus-m326m
Maximus,Maximus M8i,950,https://www.buymobile.com.bd/image/cache/catalog/maximus/m8i/m1-228x228.jpg,https://www.buymobile.com.bd/maximus-m8i
Maximus,Maximus M10i,950,https://www.buymobile.com.bd/image/cache/catalog/maximus/m10i/m1-228x228.jpg,https://www.buymobile.com.bd/maximus-m10i
Maximus,Maximus M20i,790,https://www.buymobile.com.bd/image/cache/catalog/maximus/m20i/m1-228x228.jpg,https://www.buymobile.com.bd/maximus-m20i
HTC,HTC DESIRE 10 PRO,"18,000",https://www.buymobile.com.bd/image/cache/catalog/htc/desire-10-pro/h1-228x228.jpg,https://www.buymobile.com.bd/htc-desire-10-pro
HTC,HTC Desire 12,"15,500",https://www.buymobile.com.bd/image/cache/catalog/htc/desire-12/h2-228x228.jpg,https://www.buymobile.com.bd/htc-desire-12
Xiaomi,Xiaomi Redmi 5 Plus(3/32 GB),"15,499",https://www.buymobile.com.bd/image/cache/catalog/xiaomi/redmi-5-plus/b1-228x228.jpg,https://www.buymobile.com.bd/redmi-5plus-3-32gb
Xiaomi,Xiaomi Redmi 5 Plus(4/64 GB),"18,499",https://www.buymobile.com.bd/image/cache/catalog/xiaomi/redmi-5-plus/b1-228x228.jpg,https://www.buymobile.com.bd/redmi-5-plus-4-64gb
UMIDIGI,UMIDIGI A1 Pro,"11,490",https://www.buymobile.com.bd/image/cache/catalog/umidigi/a1-pro/new-228x228.jpg,https://www.buymobile.com.bd/umidigi-a1-pro
UMIDIGI,UMIDIGI S2 Lite,"15,990",https://www.buymobile.com.bd/image/cache/catalog/umidigi/s2-lite/s2-228x228.jpg,https://www.buymobile.com.bd/umidigi-s2-lite
Maximus,Maximus M19,950,https://www.buymobile.com.bd/image/cache/catalog/maximus/maximus-m19/m192-228x228.jpg,https://www.buymobile.com.bd/maximus-m19
Xiaomi,Xiaomi Redmi Note 5 AI(3/32),"17,999",https://www.buymobile.com.bd/image/cache/catalog/xiaomi/redmi-note5/33-228x228.jpg,https://www.buymobile.com.bd/redmi-note-5-3gb
Xiaomi,Xiaomi Redmi Note 5 AI(4/64),"20,990",https://www.buymobile.com.bd/image/cache/catalog/xiaomi/redmi-note5/1-228x228.jpg,https://www.buymobile.com.bd/redmi-note-5-4gb
Maximus,Maximus  M23,"1,150",https://www.buymobile.com.bd/image/cache/catalog/maximus/m23/m23-2-228x228.jpg,https://www.buymobile.com.bd/maximus-m23
OPTOUCH,OPTOUCH T5,"1,399",https://www.buymobile.com.bd/image/cache/catalog/optouch/op-t5/c2-228x228.jpg,https://www.buymobile.com.bd/optouch-t5
Maximus,Maximus Max 912,"4,650",https://www.buymobile.com.bd/image/cache/catalog/maximus/max-912/max-91-228x228.jpg,https://www.buymobile.com.bd/max-912
HUAWEI,HUAWEI Y7 Pro 2018,"15,990",https://www.buymobile.com.bd/image/cache/catalog/huawei/y7-pro-2018/t11-228x228.jpg,https://www.buymobile.com.bd/huawei-y7-pro-2018
HUAWEI,HUAWEI Y6 Prime (2018),"13,990",https://www.buymobile.com.bd/image/cache/catalog/huawei/y6-prime-2018/y1-228x228.jpg,https://www.buymobile.com.bd/huawei-y6-prime-2018
GPhone,GPhone GP24,"1,199",https://www.buymobile.com.bd/image/cache/catalog/gphone/gp24/gm4-228x228.jpg,https://www.buymobile.com.bd/gphone-gp24
Infinix,Infinix HOT S3,"12,990",https://www.buymobile.com.bd/image/cache/catalog/infinix/hot-s3/b4-228x228.jpg,https://www.buymobile.com.bd/infinix-hot-s3
Micomax,Micomax Canvas M1-Q4261,"9,490",https://www.buymobile.com.bd/image/cache/catalog/micromax/q4261/micromax-canvas-m1-228x228.jpg,https://www.buymobile.com.bd/micromax-canvas-m1-q4261
Kingstar,Kingstar HERO 7,"1,199",https://www.buymobile.com.bd/image/cache/catalog/kingstar/2-228x228.jpg,https://www.buymobile.com.bd/hero-7
Huawei,Huawei Nova 3E,"27,990",https://www.buymobile.com.bd/image/cache/catalog/huawei/nova-3e/n1-228x228.jpg,https://www.buymobile.com.bd/huawei-nova-3e
Oppo,Oppo F7(6GB),"35,990",https://www.buymobile.com.bd/image/cache/catalog/oppo/oppo-f7/o1-228x228.jpg,https://www.buymobile.com.bd/oppo-f7-6gb
UMIDIGI,UMIDIGI Crystal,"10,990",https://www.buymobile.com.bd/image/cache/catalog/umidigi/crystal/b2-228x228.jpg,https://www.buymobile.com.bd/umidigi-crystal
UMIDIGI,UMIDIGI S2 Pro,"32,990",https://www.buymobile.com.bd/image/cache/catalog/umidigi/umidigi-s2-pro/u2-228x228.jpg,https://www.buymobile.com.bd/umidigi-s2-pro
Vivo,Vivo Y71,"12,990",https://www.buymobile.com.bd/image/cache/catalog/vivo/vivo-y71/y1-228x228.jpg,https://www.buymobile.com.bd/vivo-y71
Lava,Lava Pixel V2+,"9,600",https://www.buymobile.com.bd/image/cache/catalog/lava/pixel-v2+/v1-228x228.jpg,https://www.buymobile.com.bd/lava-pixel-v2-plus
Nokia,Nokia 6.1,"29,100",https://www.buymobile.com.bd/image/cache/catalog/nokia/nokia-6-2018/n13-228x228.jpg,https://www.buymobile.com.bd/nokia-6-2018
Nokia,Nokia 7 Plus,"39,999",https://www.buymobile.com.bd/image/cache/catalog/nokia/nokia-7-plus/n1-228x228.jpg,https://www.buymobile.com.bd/nokia-7-plus
Lava,Lava Iris 705,"4,800",https://www.buymobile.com.bd/image/cache/catalog/lava/iri-705/iris-228x228.jpg,https://www.buymobile.com.bd/lava-iris-705
Apple,iPhone 6s Plus(32GB),"55,000",https://www.buymobile.com.bd/image/cache/catalog/apple/iphone-6s/c2-228x228.jpg,https://www.buymobile.com.bd/iphone-6s-32gb
Vivo,Vivo V9,"26,990",https://www.buymobile.com.bd/image/cache/catalog/vivo/vivo-v9/b1-228x228.jpg,https://www.buymobile.com.bd/vivo-v9
Maximus,Maximus M21,950,https://www.buymobile.com.bd/image/cache/catalog/maximus/maximus-m21/b1-228x228.jpg,https://www.buymobile.com.bd/maximus-m21
Maximus,Maximus S8,"1,050",https://www.buymobile.com.bd/image/cache/catalog/maximus/maximus-s8/b1-228x228.jpg,https://www.buymobile.com.bd/maximus-s8
Honey,Honey T005,0,https://www.buymobile.com.bd/image/cache/catalog/honey/t005/b1-228x228.jpg,https://www.buymobile.com.bd/honey-t005
Honey,Honey A1100B,0,https://www.buymobile.com.bd/image/cache/catalog/honey/a1100b/h4-228x228.jpg,https://www.buymobile.com.bd/honey-a1100b
Honey,Honey A1100A,0,https://www.buymobile.com.bd/image/cache/catalog/honey/a1100a/h1-228x228.jpg,https://www.buymobile.com.bd/honey-a1100a
Micromax,Micromax Q440,"6,750",https://www.buymobile.com.bd/image/cache/catalog/micromax/q440/q440-228x228.jpg,https://www.buymobile.com.bd/micromax-q440
Oppo,Oppo F7(4GB),"24,990",https://www.buymobile.com.bd/image/cache/catalog/oppo/oppo-f7/o1-228x228.jpg,https://www.buymobile.com.bd/oppo-f7
Huawei,Huawei Y9 (2018),"19,590",https://www.buymobile.com.bd/image/cache/catalog/huawei/y9-2018/b3-228x228.jpg,https://www.buymobile.com.bd/huawei-y9-2018
Huawei,Huawei P20 Pro,"82,990",https://www.buymobile.com.bd/image/cache/catalog/huawei/huawei-p20/p1-228x228.jpg,https://www.buymobile.com.bd/huawei-p20
Lava,Lava R3,"13,990",https://www.buymobile.com.bd/image/cache/catalog/lava/lava-r3/b12-228x228.jpg,https://www.buymobile.com.bd/lava-r3
Maximus,Maximus A15,750,https://www.buymobile.com.bd/image/cache/catalog/maximus/maximus-a15/b7-228x228.jpg,https://www.buymobile.com.bd/maximus-a15
Maximus,Maximus S6,"1,090",https://www.buymobile.com.bd/image/cache/catalog/maximus/maximus-s6/s1-228x228.jpg,https://www.buymobile.com.bd/maximus-s6
Apple,"Apple iPAD Pro 12.9"" 128GB","70,000",https://www.buymobile.com.bd/image/cache/catalog/apple/ipad-pro-9.7in/6-228x228.jpg,https://www.buymobile.com.bd/apple-ipad-pro-128gb
Apple,Apple iPad Air 2,"70,930",https://www.buymobile.com.bd/image/cache/catalog/apple/ipad-air-2/15-228x228.jpg,https://www.buymobile.com.bd/apple-ipad-air-2
Apple,Apple iPhone 8 Plus 256GB,"125,000",https://www.buymobile.com.bd/image/cache/catalog/apple/iphone_8/3-228x228.jpg,https://www.buymobile.com.bd/apple-iphone-8-plus-256gb
Maximus,Maximus M15,950,https://www.buymobile.com.bd/image/cache/catalog/maximus/m15/b1-228x228.jpg,https://www.buymobile.com.bd/maximus-m15
Apple,Apple iPhone 8 Plus 64GB,"105,000",https://www.buymobile.com.bd/image/cache/catalog/apple/iphone_8/3-228x228.jpg,https://www.buymobile.com.bd/apple-iphone-8-plus-64gb
Apple,Apple iPhone 8 256 GB,"111,500",https://www.buymobile.com.bd/image/cache/catalog/apple/iphone_8/9-228x228.jpg,https://www.buymobile.com.bd/apple-phone-8-256gb
Apple,Apple iPhone 8 64 GB,"92,000",https://www.buymobile.com.bd/image/cache/catalog/apple/iphone_8/9-228x228.jpg,https://www.buymobile.com.bd/apple-iphone-8-64gb
BlackBerry,BlackBerry KEYONE,"53,990",https://www.buymobile.com.bd/image/cache/catalog/blackberry/keyone/blackberry-6-228x228.jpg,https://www.buymobile.com.bd/blackberry-keyone
Nokia,Nokia 1,"7,999",https://www.buymobile.com.bd/image/cache/catalog/nokia/nokia-1/b1-228x228.jpg,https://www.buymobile.com.bd/nokia-1
Nokia,Nokia 8,"52,999",https://www.buymobile.com.bd/image/cache/catalog/nokia/nokia_8/n8-228x228.jpg,https://www.buymobile.com.bd/nokia-8
Samsung,Samsung Galaxy Tab A7,"14,900",https://www.buymobile.com.bd/image/cache/catalog/samsung/mobile/galaxy-tab-a7/10-228x228.jpg,https://www.buymobile.com.bd/samsung-galaxy-tab-a7
Samsung,Samsung Galaxy Tab 3 V,"12,490",https://www.buymobile.com.bd/image/cache/catalog/samsung/mobile/galaxy-tab-3v/1-228x228.jpg,https://www.buymobile.com.bd/samsung-galaxy-tab-3v
Samsung,Samsung Galaxy J-Max,"16,990",https://www.buymobile.com.bd/image/cache/catalog/samsung/mobile/galaxy-j-max/1-228x228.jpg,https://www.buymobile.com.bd/samsung-j-max
Samsung,Samsung Galaxy S8,"79,900",https://www.buymobile.com.bd/image/cache/catalog/samsung/mobile/galaxy-s8/5-228x228.jpg,https://www.buymobile.com.bd/samsung-galaxy-s8
Samsung,Samsung Galaxy A8+,"65,900",https://www.buymobile.com.bd/image/cache/catalog/samsung/mobile/galaxy-a8-+/1-228x228.jpg,https://www.buymobile.com.bd/samsung-galaxy-a8-plus
Samsung,Samsung Galaxy A7 (2016),"32,900",https://www.buymobile.com.bd/image/cache/catalog/samsung/mobile/galaxy-a7-2016/1-228x228.jpg,https://www.buymobile.com.bd/samsung-galaxy-a7-2016
Samsung,Samsung Galaxy J7 Pro,"30,900",https://www.buymobile.com.bd/image/cache/catalog/samsung/mobile/galaxy-j7-pro/1-228x228.jpg,https://www.buymobile.com.bd/samsung-galaxy-j7-pro
Samsung,Samsung Galaxy A5 (2016),"26,900",https://www.buymobile.com.bd/image/cache/catalog/samsung/mobile/galaxy-a5-2016/1-228x228.jpg,https://www.buymobile.com.bd/samsung-galaxy-a5-2016
Samsung,Samsung Galaxy J7 MAX,"25,900",https://www.buymobile.com.bd/image/cache/catalog/samsung/mobile/galaxy-j7-max/1-228x228.jpg,https://www.buymobile.com.bd/samsung-galaxy-j7-max
Samsung,Samsung Galaxy J7 Prime (32GB),"20,200",https://www.buymobile.com.bd/image/cache/catalog/samsung/mobile/galaxy-j7-prime-32gb/j1-228x228.jpg,https://www.buymobile.com.bd/samsung-galaxy-j7-prime-32gb
DCL,DCL D10 Lite,"1,050",https://www.buymobile.com.bd/image/cache/catalog/dcl%20category/dcl-d10-lite/d1-228x228.jpg,https://www.buymobile.com.bd/dcl-d10-lite
Samsung,Samsung Galaxy J7 Nxt (32GB),"20,900",https://www.buymobile.com.bd/image/cache/catalog/samsung/mobile/galaxy-j7-nxt-32gb/a5-228x228.jpg,https://www.buymobile.com.bd/samsung-galaxy-j7-nxt-32gb
Samsung,Samsung Galaxy J7 (2016),"16,790",https://www.buymobile.com.bd/image/cache/catalog/samsung/mobile/galaxy-j7-2016/s6-228x228.jpg,https://www.buymobile.com.bd/samsung-galaxy-j7-2016
Samsung,Samsung Galaxy J7 Nxt,"16,990",https://www.buymobile.com.bd/image/cache/catalog/samsung/mobile/galaxy-j7-nxt/1-228x228.jpg,https://www.buymobile.com.bd/samsung-galaxy-7-nxt
Samsung,Samsung Galaxy On7 Pro,"13,290",https://www.buymobile.com.bd/image/cache/catalog/samsung/mobile/galaxy-on7-pro/on7-8-228x228.jpg,https://www.buymobile.com.bd/samsung-galaxy-on7-pro
Samsung,Samsung Galaxy J2 Pro,"13,990",https://www.buymobile.com.bd/image/cache/catalog/samsung/mobile/galaxy-j2-pro/pro-5-228x228.jpg,https://www.buymobile.com.bd/samsung-galaxy-j2-pro
Samsung,Samsung Galaxy J2 Prime,"11,990",https://www.buymobile.com.bd/image/cache/catalog/samsung/mobile/galaxi-i2-p/j2-5-228x228.jpg,https://www.buymobile.com.bd/samsung-galaxy-j2-prime
Samsung,Samsung Galaxy J2 4G,"9,990",https://www.buymobile.com.bd/image/cache/catalog/samsung/mobile/galaxy-j2-4g/4-228x228.jpg,https://www.buymobile.com.bd/samsung-galaxy-j2-4g
Samsung,Samsung Metro 350,"3,350",https://www.buymobile.com.bd/image/cache/catalog/samsung/mobile/metro-350/350-11-228x228.jpg,https://www.buymobile.com.bd/samsung-metro-350
Samsung,Samsung Metro 313,"2,590",https://www.buymobile.com.bd/image/cache/catalog/samsung/mobile/metro-313/sam6-228x228.jpg,https://www.buymobile.com.bd/samsung-metro-313
Apple,Apple iPhone X 64GB,"130,990",https://www.buymobile.com.bd/image/cache/catalog/apple/iphonex-64gb/b1-228x228.jpg,https://www.buymobile.com.bd/iphone-x-64gb
Apple,Apple iPhone X 256GB,"150,500",https://www.buymobile.com.bd/image/cache/catalog/apple/iphonex-256gb/b11-228x228.jpg,https://www.buymobile.com.bd/iphone-x-256gb
Xiaomi,Xiaomi Mi A1(4/32GB),"13,000",https://www.buymobile.com.bd/image/cache/catalog/xiaomi/mi%20a1/bm2-228x228.jpg,https://www.buymobile.com.bd/xiaomi-mi-a1-4-32
Maximus,Maximus IX Ultra,"5,500",https://www.buymobile.com.bd/image/cache/catalog/maximus/ix-ultra/b11-228x228.jpg,https://www.buymobile.com.bd/maximus-ix-ultra
WE,WE T1,"4,444",https://www.buymobile.com.bd/image/cache/catalog/we%20mobile/we-t1/b-228x228.jpg,https://www.buymobile.com.bd/we-t1
Xiaomi,Xiaomi Redmi 5(3GB),"15,990",https://www.buymobile.com.bd/image/cache/catalog/xiaomi/redmi-5/b2-228x228.jpg,https://www.buymobile.com.bd/xiaomi-redmi-5-plus-3gb
Xiaomi,Xiaomi Redmi 5 Plus,"17,990",https://www.buymobile.com.bd/image/cache/catalog/xiaomi/redmi-5-plus/b1-228x228.jpg,https://www.buymobile.com.bd/xiaomi-redmi-5-plus
Xiaomi,Xiaomi Redmi 5 (2/16 GB),"10,990",https://www.buymobile.com.bd/image/cache/catalog/xiaomi/redmi-5/b2-228x228.jpg,https://www.buymobile.com.bd/xiaomi-redmi-5
Xiaomi,Xiaomi Mi A1 Red Edition(4/64GB),"23,490",https://www.buymobile.com.bd/image/cache/catalog/xiaomi/mi-a1-red/c1-228x228.jpg,https://www.buymobile.com.bd/xiaomi-mi-a1-red-edition
Maximus,Maximus Max 8,"4,500",https://www.buymobile.com.bd/image/cache/catalog/maximus/max-8/d1-228x228.jpg,https://www.buymobile.com.bd/maximus-max8
Maximus,Maximus S7,"1,110",https://www.buymobile.com.bd/image/cache/catalog/maximus/maximus-s7/c1-228x228.jpg,https://www.buymobile.com.bd/maximus-s7
Maximus,Maximus M20,950,https://www.buymobile.com.bd/image/cache/catalog/maximus/maximus-m20/c2-228x228.jpg,https://www.buymobile.com.bd/maximus-m20
Maximus,Maximus M17,"1,120",https://www.buymobile.com.bd/image/cache/catalog/maximus/maximus-a17/b2-228x228.jpg,https://www.buymobile.com.bd/maximus-m17
Maximus,Maximus M16,"1,110",https://www.buymobile.com.bd/image/cache/catalog/maximus/maximus-m16/b3-228x228.jpg,https://www.buymobile.com.bd/maximus-m16
Maximus,Maximus M8,900,https://www.buymobile.com.bd/image/cache/catalog/maximus/maximus-m8/c3-228x228.jpg,https://www.buymobile.com.bd/maximus-m8
Maximus,Maximus A13,750,https://www.buymobile.com.bd/image/cache/catalog/maximus/maximus-a13/b11-228x228.jpg,https://www.buymobile.com.bd/maximus-a13
Maximus,Maximus A12,720,https://www.buymobile.com.bd/image/cache/catalog/maximus/maximus-a12/b2-228x228.jpg,https://www.buymobile.com.bd/maximus-a12
Maximus,Maximus A11,720,https://www.buymobile.com.bd/image/cache/catalog/maximus/maximus-a11/b11-228x228.jpg,https://www.buymobile.com.bd/maximus-a11
Maximus,Maximus Max 7,"4,350",https://www.buymobile.com.bd/image/cache/catalog/maximus/max-7/m1-228x228.jpg,https://www.buymobile.com.bd/maximus-max-7
Maximus,Maximus Max 5,"3,999",https://www.buymobile.com.bd/image/cache/catalog/maximus/max-5/d1-228x228.jpg,https://www.buymobile.com.bd/maximus-max-5
Lava,Lava Z60,"8,390",https://www.buymobile.com.bd/image/cache/catalog/lava/lava-z60/b3-228x228.jpg,https://www.buymobile.com.bd/lava-z60
LAVA,LAVA Iris 60,"6,990",https://www.buymobile.com.bd/image/cache/catalog/lava/iris-60/b2-228x228.jpg,https://www.buymobile.com.bd/lava-iris-60
LAVA,LAVA Iris 41,"4,990",https://www.buymobile.com.bd/image/cache/catalog/lava/iris-41/b1-228x228.jpg,https://www.buymobile.com.bd/lava-iris-41
LAVA,LAVA Iris 50 2GB,"6,500",https://www.buymobile.com.bd/image/cache/catalog/lava/iris%2050/bm1-228x228.jpg,https://www.buymobile.com.bd/lava-iris-50-2gb
DCL,DCL D10 Shine,"1,000",https://www.buymobile.com.bd/image/cache/catalog/DCL/d10-shine/b4-228x228.jpg,https://www.buymobile.com.bd/dcl-d10-shine
Lenovo,Lenovo Yoga Tablet 3,"23,999",https://www.buymobile.com.bd/image/cache/catalog/lenovo/lenovo-tab/b5-228x228.jpg,https://www.buymobile.com.bd/lenovo-yoga-tablet-3
Lenovo,Lenovo Yoga Book,"64,000",https://www.buymobile.com.bd/image/cache/catalog/lenovo/lenovo-tab/b4-228x228.jpg,https://www.buymobile.com.bd/lenovo-yoga-book
Lenovo,Lenovo Tab3 10 Plus 4G,"22,999",https://www.buymobile.com.bd/image/cache/catalog/lenovo/lenovo-tab/b3-228x228.jpg,https://www.buymobile.com.bd/lenovo-tab-3-10plus-4g
Lenovo,Lenovo Tab 37 4G,"13,999",https://www.buymobile.com.bd/image/cache/catalog/lenovo/lenovo-tab/b2-228x228.jpg,https://www.buymobile.com.bd/lenovo-tab-37-4g
Lenovo,Lenovo Tab3 7 ESS,"9,990",https://www.buymobile.com.bd/image/cache/catalog/lenovo/lenovo-tab/b1-228x228.jpg,https://www.buymobile.com.bd/lenovo-tab-3-7-ess-blk
Apple,iPhone 6s Plus 32GB,"55,900",https://www.buymobile.com.bd/image/cache/catalog/iphone/feature_img/6s-plus/b1-228x228.jpg,https://www.buymobile.com.bd/iphone-6s-plus-32gb
Apple,iPhone 6 32GB,"34,999",https://www.buymobile.com.bd/image/cache/catalog/apple_6_64gb/apple-iphone-6-400x400-imaeymdqs5gm5xkz-228x228.jpeg,https://www.buymobile.com.bd/iphone-6-32gb
Micromax,Micromax Q353,"4,990",https://www.buymobile.com.bd/image/cache/catalog/micromax/353/c1-228x228.jpg,https://www.buymobile.com.bd/micromax-q353
Micromax,Micromax X372,850,https://www.buymobile.com.bd/image/cache/catalog/micromax/x372/b1-228x228.jpg,https://www.buymobile.com.bd/micromax-x372
Maximus,Maximus Max 6,"4,950",https://www.buymobile.com.bd/image/cache/catalog/maximus/max-6/b2-228x228.jpg,https://www.buymobile.com.bd/maximus-max-6
OPPO,OPPO F5 Youth,"19,990",https://www.buymobile.com.bd/image/cache/catalog/oppo/f5-youth/b1-228x228.jpg,https://www.buymobile.com.bd/oppo-f5-youth
Lephone,Lephone K1 Speed,750,https://www.buymobile.com.bd/image/cache/catalog/lephone/lephone_k1/b1-01-228x228.jpg,https://www.buymobile.com.bd/lephone-k1
Lephone,Lephone W7S,"3,990",https://www.buymobile.com.bd/image/cache/catalog/lephone/w7s/b1%20feature-228x228.jpg,https://www.buymobile.com.bd/lephone-w7s
Xiaomi,Xiaomi Redmi 5A,"10,990",https://www.buymobile.com.bd/image/cache/catalog/xiaomi/redmi%205A/c1-228x228.jpg,https://www.buymobile.com.bd/xiaomi-redmi-5a
Micromax,Micromax X1i Power,"1,290",https://www.buymobile.com.bd/image/cache/catalog/micromax/x1i%20power/bm5-228x228.jpg,https://www.buymobile.com.bd/micromax-x1i-power
Huawei,Huawei Mate 10 Pro,"80,900",https://www.buymobile.com.bd/image/cache/catalog/huawei/mate%2010%20pro/bm1-228x228.jpg,https://www.buymobile.com.bd/huawei-mate-10-pro
Vivo,Vivo Y65,"16,990",https://www.buymobile.com.bd/image/cache/catalog/vivo/vivo%20y65/bm10-228x228.jpg,https://www.buymobile.com.bd/vivo-y65
Vivo,Vivo Y53,"8,990",https://www.buymobile.com.bd/image/cache/catalog/vivo/vivo%20y53/bm7-228x228.jpg,https://www.buymobile.com.bd/vivo-y53
Vivo,Vivo V7,"21,990",https://www.buymobile.com.bd/image/cache/catalog/vivo/vivo%20v7/bm1-228x228.jpg,https://www.buymobile.com.bd/vivo-v7
Huawei,Huawei Y7,"13,990",https://www.buymobile.com.bd/image/cache/catalog/huawei/huawei%20y7/12-228x228.jpg,https://www.buymobile.com.bd/huawei-y7
Vivo,Vivo V7+,"29,900",https://www.buymobile.com.bd/image/cache/catalog/vivo/vivo%20v7+/bm3-228x228.jpg,https://www.buymobile.com.bd/vivo-v7-plus
Oppo,Oppo A83 2018,"13,500",https://www.buymobile.com.bd/image/cache/catalog/oppo/a83/b2-228x228.jpg,https://www.buymobile.com.bd/oppo-a83
Micromax,Micromax Canvas Infinity,"15,980",https://www.buymobile.com.bd/image/cache/catalog/micromax/canvas-infinity/bm3-228x228.jpg,https://www.buymobile.com.bd/micromax-canvas-infinity
Asus,Asus ZB500KG,"7,990",https://www.buymobile.com.bd/image/cache/catalog/asus/ZB500KG/b1-228x228.jpg,https://www.buymobile.com.bd/asus-zb500kg
OPPO,OPPO F5 (6 GB),"32,990",https://www.buymobile.com.bd/image/cache/catalog/oppo/f5-6gb/b2-228x228.jpg,https://www.buymobile.com.bd/oppo-f5-6gb-price-bd
OPPO,OPPO F5 (4 GB),"22,990",https://www.buymobile.com.bd/image/cache/catalog/oppo/f5_4gb/bm5-228x228.jpg,https://www.buymobile.com.bd/oppo-f5-4gb-price-bd
Nokia,Nokia 2,"9,600",https://www.buymobile.com.bd/image/cache/catalog/nokia/nokia_2/bm2-228x228.jpg,https://www.buymobile.com.bd/nokia-2-mobile-price-bd
HUAWEI,HUAWEI GR5 2017 PREMIUM ,"25,900",https://www.buymobile.com.bd/image/cache/catalog/huawei/gr5_2017_premium/huawei_gr5_2017_premium_price_bd2-228x228.jpg,https://www.buymobile.com.bd/huawei-gr5-2017 -premium
WE,WE A3,"2,990",https://www.buymobile.com.bd/image/cache/catalog/we%20mobile/we_a3/bm2-228x228.jpg,https://www.buymobile.com.bd/we-a3-mobile-price-bd
WE,WE E1,"3,990",https://www.buymobile.com.bd/image/cache/catalog/we%20mobile/we_e1/bm1-228x228.jpg,https://www.buymobile.com.bd/we-e1-mobile-price-bd
WE,WE L6,"5,290",https://www.buymobile.com.bd/image/cache/catalog/we%20mobile/we_l6/bm1-228x228.jpg,https://www.buymobile.com.bd/we-l6-mobile-price-bd
WE,WE L5,"5,290",https://www.buymobile.com.bd/image/cache/catalog/we%20mobile/we_l5/bm1-228x228.jpg,https://www.buymobile.com.bd/we-l5-mobile-price-bd
WE,WE S1,"10,990",https://www.buymobile.com.bd/image/cache/catalog/we%20mobile/we_s1/bm1-228x228.jpg,https://www.buymobile.com.bd/we-s1-mobile-price-bd
WE,WE V3,"6,000",https://www.buymobile.com.bd/image/cache/catalog/we%20mobile/we_v3/bm1-228x228.jpg,https://www.buymobile.com.bd/we-v3-mobile-price-bd
WE,WE E2,"4,490",https://www.buymobile.com.bd/image/cache/catalog/we%20mobile/we_e2/bm1-228x228.jpg,https://www.buymobile.com.bd/we-e2-mobile-price-bd
WE,WE A4,"3,290",https://www.buymobile.com.bd/image/cache/catalog/we%20mobile/we_a4/we-228x228.jpg,https://www.buymobile.com.bd/we-a4-mobile-price-bd
WE,WE X3,"11,490",https://www.buymobile.com.bd/image/cache/catalog/we%20mobile/we_x3/bm1-228x228.jpg,https://www.buymobile.com.bd/we-x3-mobile-price-bd
WE,WE B3,"7,990",https://www.buymobile.com.bd/image/cache/catalog/we%20mobile/we_b3/bm1-228x228.jpg,https://www.buymobile.com.bd/we-b3-mobile-price-bd
WE,WE L7,"5,990",https://www.buymobile.com.bd/image/cache/catalog/we%20mobile/we_l7/bm1-228x228.jpg,https://www.buymobile.com.bd/we-l7-mobile-price-bd
WE,WE L8,"5,490",https://www.buymobile.com.bd/image/cache/catalog/we%20mobile/we_l8/b-228x228.jpg,https://www.buymobile.com.bd/we-l8-mobile-price-bd
Maximus,Maximus Max 4,"4,090",https://www.buymobile.com.bd/image/cache/catalog/maximus/max-4/b1-228x228.jpg,https://www.buymobile.com.bd/maximus-max-4
Xiaomi,Xiaomi Redmi Note 5A Prime,"16,990",https://www.buymobile.com.bd/image/cache/catalog/xiaomi/note_5a_prime/Redmi-Note-5A-Primefi-228x228.jpg,https://www.buymobile.com.bd/xiaomi-redmi-note-5a-prime
Asus,Asus Zenfone 3 Max (ZC520TL),"15,990",https://www.buymobile.com.bd/image/cache/catalog/asus/ZC520TL/Asus-Zenfone-3-Max-(ZC520TL)2-228x228.jpg,https://www.buymobile.com.bd/asus-zenfone-3-max-ZC520TL
Micromax,Micromax Bolt Q326,"2,999",https://www.buymobile.com.bd/image/cache/catalog/micromax/Q326+/bm1-228x228.jpg,https://www.buymobile.com.bd/micromax-bolt-q326-plus
Micromax,Micromax Bolt S302,"2,299",https://www.buymobile.com.bd/image/cache/catalog/micromax/S302/bm1-228x228.jpg,https://www.buymobile.com.bd/micromax-bolt-s302
Micromax,Micromax Canvas Nitro 2 E311,"10,299",https://www.buymobile.com.bd/image/cache/catalog/micromax/E311/bm6-228x228.jpg,https://www.buymobile.com.bd/micromax-canvas-nitro-2-e311
Micromax,Micromax BOLT Q370,"3,899",https://www.buymobile.com.bd/image/cache/catalog/micromax/Q370/bm1-228x228.jpg,https://www.buymobile.com.bd/micromax-bolt-q370
Micromax,Micromax Bolt D340,"3,500",https://www.buymobile.com.bd/image/cache/catalog/micromax/D340/bm4-228x228.jpg,https://www.buymobile.com.bd/micromax-bolt-d340
Micromax,Micromax Canvas Unite 4 Pro Q465,"7,899",https://www.buymobile.com.bd/image/cache/catalog/micromax/Q465/bm1-228x228.jpg,https://www.buymobile.com.bd/micromax-canvas-unite-4-pro-q465
Micromax,Micromax Canvas Nitro 3 E352,"7,999",https://www.buymobile.com.bd/image/cache/catalog/micromax/E352/bm1-228x228.jpg,https://www.buymobile.com.bd/micromax-canvas-nitro-3-e352
Micromax,Micromax Canvas Xpress 2 E313,"6,999",https://www.buymobile.com.bd/image/cache/catalog/micromax/E313/bm1-228x228.jpg,https://www.buymobile.com.bd/micromax-canvas-express-2-e313
Huawei,Huawei Nova 2i,"24,990",https://www.buymobile.com.bd/image/cache/catalog/huawei/nova%202i/bm1-228x228.jpg,https://www.buymobile.com.bd/huawei-nova-2i
LG,LG G6,"69,900",https://www.buymobile.com.bd/image/cache/catalog/LG%20mobile/lg%20g6/14-228x228.jpg,https://www.buymobile.com.bd/lg-g6
LG,LG Q6,"24,900",https://www.buymobile.com.bd/image/cache/catalog/LG%20mobile/%20lg%20q6/10-228x228.jpg,https://www.buymobile.com.bd/lg-q6
LG,LG Stylus 3,"20,900",https://www.buymobile.com.bd/image/cache/catalog/LG%20mobile/stylus%203/7-228x228.jpg,https://www.buymobile.com.bd/lg-stylus-3
LG,LG K10 (2017),"15,900",https://www.buymobile.com.bd/image/cache/catalog/LG%20mobile/k10%202017/1-228x228.jpg,https://www.buymobile.com.bd/lg-k10-2017
LG,LG K8 (2017),"10,990",https://www.buymobile.com.bd/image/cache/catalog/LG%20mobile/k8%202017/lg_k8_2017-228x228.jpg,https://www.buymobile.com.bd/lg-k8-2017
LG,LG K4 (2017),"9,450",https://www.buymobile.com.bd/image/cache/catalog/LG%20mobile/k4%202017/bm1-228x228.jpg,https://www.buymobile.com.bd/lg-k4-2017
Maximus,Maximus S5,"1,080",https://www.buymobile.com.bd/image/cache/catalog/maximus/maximus%20s5/bm1-228x228.jpg,https://www.buymobile.com.bd/maximus-s5
Maximus,Maximus A7,750,https://www.buymobile.com.bd/image/cache/catalog/maximus/maximus%20a7/bm1-228x228.jpg,https://www.buymobile.com.bd/maximus-a7
Maximus,Maximus Max 3,"2,990",https://www.buymobile.com.bd/image/cache/catalog/maximus/max%203/bm11-228x228.jpg,https://www.buymobile.com.bd/maximus-max-3
Xiaomi,Xiaomi Redmi Note 5A,"12,700",https://www.buymobile.com.bd/image/cache/catalog/xiaomi/note%205a/bm3-228x228.jpg,https://www.buymobile.com.bd/xiaomi-redmi-note-5a
LAVA,LAVA Iris X8,"9,890",https://www.buymobile.com.bd/image/cache/catalog/lava/iris%20x8/bm2-228x228.jpg,https://www.buymobile.com.bd/lava-iris-x8
Huawei,Huawei Y5 2017 4G,"11,990",https://www.buymobile.com.bd/image/cache/catalog/huawei/y5%202017/bm3-228x228.jpg,https://www.buymobile.com.bd/huawei-y5-2017-4G
LAVA,LAVA Grand 2,"12,990",https://www.buymobile.com.bd/image/cache/catalog/lava/grand%202/bm5-228x228.jpg,https://www.buymobile.com.bd/lava-grand-2
Xiaomi,Xiaomi Mi A1(4/64GB),"23,490",https://www.buymobile.com.bd/image/cache/catalog/xiaomi/mi%20a1/bm2-228x228.jpg,https://www.buymobile.com.bd/xiaomi-mi-a1
Alcatel,Alcatel 2002D,"1,190",https://www.buymobile.com.bd/image/cache/catalog/alcatel/2002d/bm4-228x228.jpg,https://www.buymobile.com.bd/alcatel-2002d
DCL,DCL E10,780,https://www.buymobile.com.bd/image/cache/catalog/DCL/dcl-e10/bm1-228x228.jpg,https://www.buymobile.com.bd/dcl-e10
DCL,DCL L20,"9,990",https://www.buymobile.com.bd/image/cache/catalog/DCL/dcl-l20/dcl-l20-228x228.jpg,https://www.buymobile.com.bd/dcl-l20
DCL,DCL L30,"13,990",https://www.buymobile.com.bd/image/cache/catalog/DCL/dcl-l30/dcl-l30-228x228.jpg,https://www.buymobile.com.bd/dcl-l30
DCL,DCL L10,"5,740",https://www.buymobile.com.bd/image/cache/catalog/DCL/dcl-l10/dclwithjacket-228x228.jpg,https://www.buymobile.com.bd/dcl-l10
Alcatel,Alcatel A3,"5,999",https://www.buymobile.com.bd/image/cache/catalog/alcatel/al-a3/c3-228x228.jpg,https://www.buymobile.com.bd/alcatel-a3
Alcatel,Alcatel A5 LED,"6,999",https://www.buymobile.com.bd/image/cache/catalog/alcatel/a5-led/bm1-228x228.jpg,https://www.buymobile.com.bd/alcatel-a5-led
Micromax,Micromax X512,950,https://www.buymobile.com.bd/image/cache/catalog/micromax/x512/bm2-228x228.jpg,https://www.buymobile.com.bd/micromax-x512
Panco,Panco C2,"5,490",https://www.buymobile.com.bd/image/cache/catalog/panco/panco%20c2/bm2-228x228.jpg,https://www.buymobile.com.bd/panco-c2
Panco,Panco C20,"5,790",https://www.buymobile.com.bd/image/cache/catalog/panco/panco%20c20/bm5-228x228.jpg,https://www.buymobile.com.bd/panco-c20
Huawei,Huawei Y6II Prime,"14,900",https://www.buymobile.com.bd/image/cache/catalog/huawei/y6%20ii%20prime/bm1-228x228.jpg,https://www.buymobile.com.bd/huawei-y6-II-prime
Huawei,Huawei Y3II,"6,990",https://www.buymobile.com.bd/image/cache/catalog/huawei/y3%20ii/bm1-228x228.jpg,https://www.buymobile.com.bd/huawei-y3-II
LAVA,LAVA Captain K7,"1,270",https://www.buymobile.com.bd/image/cache/catalog/lava/cap%20k7/bm2-228x228.jpg,https://www.buymobile.com.bd/lava-captain-k7
LAVA,LAVA ARC 101,"1,080",https://www.buymobile.com.bd/image/cache/catalog/lava/arc%20101/bm2-228x228.jpg,https://www.buymobile.com.bd/lava-arc-101
LAVA,LAVA Iris 702,"5,290",https://www.buymobile.com.bd/image/cache/catalog/lava/iris%20702/bm1-228x228.jpg,https://www.buymobile.com.bd/lava-iris-702
LAVA,LAVA Iris 820 1GB,"6,990",https://www.buymobile.com.bd/image/cache/catalog/lava/iris%20820/bm3-228x228.jpg,https://www.buymobile.com.bd/lava-iris-820-1gb
LAVA,LAVA Iris 860,"7,490",https://www.buymobile.com.bd/image/cache/catalog/lava/iris%20860/bm1-228x228.jpg,https://www.buymobile.com.bd/lava-iris-860
LAVA,LAVA Iris 820 2GB,"7,990",https://www.buymobile.com.bd/image/cache/catalog/lava/iris%20820/bm2-228x228.jpg,https://www.buymobile.com.bd/lava-iris-820-2gb
LAVA,LAVA Iris 870,"8,990",https://www.buymobile.com.bd/image/cache/catalog/lava/iris%20870/bm2-228x228.jpg,https://www.buymobile.com.bd/lava-iris-870
LAVA,LAVA Iris 30,"3,150",https://www.buymobile.com.bd/image/cache/catalog/lava/iris%2030/bm1-228x228.jpg,https://www.buymobile.com.bd/lava-iris-30
LAVA,LAVA Iris 50,"5,690",https://www.buymobile.com.bd/image/cache/catalog/lava/iris%2050/bm1-228x228.jpg,https://www.buymobile.com.bd/lava-iris-50
LAVA,LAVA Iris 80,"8,590",https://www.buymobile.com.bd/image/cache/catalog/lava/iris%2080/bm1-228x228.jpg,https://www.buymobile.com.bd/lava-iris-80
LAVA,LAVA A3,"15,990",https://www.buymobile.com.bd/image/cache/catalog/lava/lava%20a3/bm3-228x228.jpg,https://www.buymobile.com.bd/lava-a3
LAVA,LAVA A3 Mini,"11,990",https://www.buymobile.com.bd/image/cache/catalog/lava/a3%20mini/bm1-228x228.jpg,https://www.buymobile.com.bd/lava-a3-mini
LAVA,LAVA R1,"10,990",https://www.buymobile.com.bd/image/cache/catalog/lava/lava%20r1/bm1-228x228.jpg,https://www.buymobile.com.bd/lava-r1
Huawei,Huawei Y7 Prime,"19,900",https://www.buymobile.com.bd/image/cache/catalog/huawei/y7_prime/bm1-228x228.jpg,https://www.buymobile.com.bd/huawei-y7-prime
Huawei,Huawei Y3 2017,"7,390",https://www.buymobile.com.bd/image/cache/catalog/huawei/y3_2017/bm1-228x228.jpg,https://www.buymobile.com.bd/huawei-y3-2017
Walton,Walton Primo GM2+,"8,350",https://www.buymobile.com.bd/image/cache/catalog/walton/primo_gm2+/bm-1-228x228.jpg,https://www.buymobile.com.bd/walton-primo-gm2-plus
Oppo,Oppo A71 2018,"12,500",https://www.buymobile.com.bd/image/cache/catalog/oppo/a71/bmb-2-228x228.jpg,https://www.buymobile.com.bd/oppo-a71
Huawei,Huawei Y5 2017 3G,"9,990",https://www.buymobile.com.bd/image/cache/catalog/huawei/y5%202017/bm3-228x228.jpg,https://www.buymobile.com.bd/huawei-y5-2017
ZTE,ZTE Blade A610,0,https://www.buymobile.com.bd/image/cache/catalog/zte/a610/a-228x228.gif,https://www.buymobile.com.bd/zte-blade-a610
ZTE,ZTE Nubia N1 Lite,"9,995",https://www.buymobile.com.bd/image/cache/catalog/zte/n1%20lite/6-228x228.jpg,https://www.buymobile.com.bd/zte-nubia-n1-lite
ZTE,ZTE Nubia N2,0,https://www.buymobile.com.bd/image/cache/catalog/zte/nubia%20n2/m1-228x228.gif,https://www.buymobile.com.bd/zte-nubia-n2
ZTE,ZTE Nubia Z17 Mini ,0,https://www.buymobile.com.bd/image/cache/catalog/zte/nubia%20z17%20min/5-228x228.jpg,https://www.buymobile.com.bd/zte-nubia-z17-mini
Micromax,Micromax Canvas Fire 5 Q386,"6,665",https://www.buymobile.com.bd/image/cache/catalog/micromax/q386/q4-228x228.jpg,https://www.buymobile.com.bd/micromax-canvas-fire-5-q386
Micromax,Micromax  Q350R,"5,299",https://www.buymobile.com.bd/image/cache/catalog/micromax/q350r/q1-228x228.jpg,https://www.buymobile.com.bd/micromax-q350r
Micromax,Micromax  Bolt Q346,"3,999",https://www.buymobile.com.bd/image/cache/catalog/micromax/q346/q2-228x228.jpg,https://www.buymobile.com.bd/micromax-bolt-q346
Micromax,Micromax Q301+,"3,295",https://www.buymobile.com.bd/image/cache/catalog/micromax/Q301+/q301+-228x228.jpg,https://www.buymobile.com.bd/micromax-q301-plus
Micromax,Micromax  Bolt Q3001,"3,250",https://www.buymobile.com.bd/image/cache/catalog/micromax/q3001/q1-228x228.jpg,https://www.buymobile.com.bd/micromax-bolt-q3001
Micromax,Micromax Bolt Q301,"2,900",https://www.buymobile.com.bd/image/cache/catalog/micromax/Q301/q301-1-228x228.jpg,https://www.buymobile.com.bd/micromax-bolt-supreme-2-q301
Micromax,Micromax Bolt Supreme Q300,"2,590",https://www.buymobile.com.bd/image/cache/catalog/micromax/Q300/bmq300-228x228.jpg,https://www.buymobile.com.bd/micromax-bolt-supreme-q300
Micromax,Micromax Canvas 6 Pro E484,"16,990",https://www.buymobile.com.bd/image/cache/catalog/micromax/E484/e484-1-228x228.jpg,https://www.buymobile.com.bd/micromax-canvas-6-pro-e484
Micromax,Micromax Q398,"7,490",https://www.buymobile.com.bd/image/cache/catalog/micromax/q398/micromax-q398-price-bd-228x228.jpg,https://www.buymobile.com.bd/micromax-Q398
Micromax,Micromax Canvas 2 Q4310,"10,690",https://www.buymobile.com.bd/image/cache/catalog/micromax/q4310/mb-1-228x228.jpg,https://www.buymobile.com.bd/micromax-Canvas-2-Q4310
Micromax,Micromax Bolt Q3301,"3,650",https://www.buymobile.com.bd/image/cache/catalog/micromax/q3301/q300-11-228x228.jpg,https://www.buymobile.com.bd/micromax-bolt-q3301
Micromax,Micromax Bolt Q3555,"5,850",https://www.buymobile.com.bd/image/cache/catalog/micromax/q3555/bmb-1-228x228.jpg,https://www.buymobile.com.bd/micromax-bolt-q3555
Lenovo,Lenovo PHAB2,"16,999",https://www.buymobile.com.bd/image/cache/catalog/lenovo/phab2/bm1-228x228.jpg,https://www.buymobile.com.bd/lenovo-phab2
Lenovo,Lenovo Vibe K5,"11,799",https://www.buymobile.com.bd/image/cache/catalog/lenovo/vibe%20k5/b5-228x228.jpg,https://www.buymobile.com.bd/lenovo-vibe-k5
Lenovo,Lenovo Vibe K5 Note,"15,490",https://www.buymobile.com.bd/image/cache/catalog/lenovo/k5%20note/discount-228x228.jpg,https://www.buymobile.com.bd/lenovo-vibe-k5-note
Xiaomi,Xiaomi Mi Max 2,"26,990",https://www.buymobile.com.bd/image/cache/catalog/xiaomi/mi-max-2/mi-max-2-feature-228x228.jpg,https://www.buymobile.com.bd/xiaomi-mi-max-2
Micromax,Micromax Canvas Tab P480,"5,460",https://www.buymobile.com.bd/image/cache/catalog/micromax/p480/micromax-p480-display-228x228.jpg,https://www.buymobile.com.bd/micromax-p480
Micromax,Micromax Canvas Mega E353,"6,000",https://www.buymobile.com.bd/image/cache/catalog/micromax/E353/bbb1-228x228.jpg,https://www.buymobile.com.bd/micromax-E353
Micromax,Micromax Canvas Juice 4G Q461,"7,999",https://www.buymobile.com.bd/image/cache/catalog/micromax/Q461/micromax-q461-feature1-228x228.jpg,https://www.buymobile.com.bd/micromax-q461
Micromax,Micromax Bolt Q381,"4,390",https://www.buymobile.com.bd/image/cache/catalog/micromax/Q381/micromax-q381-feature-228x228.jpg,https://www.buymobile.com.bd/micromax-q381
Micromax,Micromax Canvas Spark 2 Plus Q350,"4,299",https://www.buymobile.com.bd/image/cache/catalog/micromax/Q350/micromax-q350-feature-228x228.jpg,https://www.buymobile.com.bd/micromax-q350
Micromax,Micromax Bolt Q338,"5,499",https://www.buymobile.com.bd/image/cache/catalog/micromax/Q338/micromax-q338-feature-228x228.jpg,https://www.buymobile.com.bd/Micromax-Q338
Micromax,Micromax Canvas 5 Lite,"6,055",https://www.buymobile.com.bd/image/cache/catalog/micromax/q462/b4-228x228.jpg,https://www.buymobile.com.bd/Micromax-Canvas-5-Lite
Micromax,Micromax Canvas Xpress 4G Q413,"8,499",https://www.buymobile.com.bd/image/cache/catalog/micromax/q413/bm15-228x228.jpg,https://www.buymobile.com.bd/Micromax-Q413
Micromax,Micromax Bolt Q323,"2,205",https://www.buymobile.com.bd/image/cache/catalog/micromax/q323/bm1-228x228.jpg,https://www.buymobile.com.bd/Micromax-Q323
Micromax,Micromax X879,999,https://www.buymobile.com.bd/image/cache/catalog/micromax/x879/bm1-228x228.jpg,https://www.buymobile.com.bd/Micromax-X879
Micromax,Micromax X801,"1,240",https://www.buymobile.com.bd/image/cache/catalog/micromax/x801/bm1-228x228.jpg,https://www.buymobile.com.bd/Micromax-X801
Walton,Walton Primo RM3s,"14,490",https://www.buymobile.com.bd/image/cache/catalog/walton/primo_rm3s/b1-228x228.jpg,https://www.buymobile.com.bd/walton-primo-rm3s
Micromax,Micromax Bolt Mega Q397,"6,599",https://www.buymobile.com.bd/image/cache/catalog/micromax/q397/bm1-228x228.jpg,https://www.buymobile.com.bd/Micromax-Q397
Micromax,Micromax Bolt Q383,"3,700",https://www.buymobile.com.bd/image/cache/catalog/micromax/Q383/bm1-228x228.jpg,https://www.buymobile.com.bd/Micromax-Q383
Micromax,Micromax Q349,"6,565",https://www.buymobile.com.bd/image/cache/catalog/micromax/Q349/bm1-228x228.jpg,https://www.buymobile.com.bd/micromax-q349
Micromax,Micromax Q351,"4,990",https://www.buymobile.com.bd/image/cache/catalog/micromax/Q351/bm4-228x228.jpg,https://www.buymobile.com.bd/Micromax-Q351
Micromax,Micromax X904,"1,460",https://www.buymobile.com.bd/image/cache/catalog/micromax/x904/c1-228x228.jpg,https://www.buymobile.com.bd/Micromax-X904
Micromax,Micromax X706,"1,390",https://www.buymobile.com.bd/image/cache/catalog/micromax/X706/bm1-228x228.jpg,https://www.buymobile.com.bd/Micromax-X706
Micromax,Micromax X556,980,https://www.buymobile.com.bd/image/cache/catalog/micromax/X556/bm1-228x228.jpg,https://www.buymobile.com.bd/Micromax-X556
Micromax,Micromax X1i 2017,"1,099",https://www.buymobile.com.bd/image/cache/catalog/micromax/x1i/bm1-228x228.jpg,https://www.buymobile.com.bd/X1i-2017
Micromax,Micromax X088+,950,https://www.buymobile.com.bd/image/cache/catalog/micromax/088+/b1-228x228.jpg,https://www.buymobile.com.bd/Micromax-X088
Micromax,Micromax Canvas 5,"11,153",https://www.buymobile.com.bd/image/cache/catalog/micromax/canvas5/b1-228x228.jpg,https://www.buymobile.com.bd/Micromax-Canvas-5
Walton,Walton Primo H6+,"11,990",https://www.buymobile.com.bd/image/cache/catalog/walton/primo_h6+/bmb2-228x228.jpg,https://www.buymobile.com.bd/walton-primo-h6-plus
Walton,Walton Primo GM2 ,"6,990",https://www.buymobile.com.bd/image/cache/catalog/walton/primo_gm2/b2-228x228.jpg,https://www.buymobile.com.bd/walton-primo-gm2
Walton,Walton Primo NH3 Lite,"6,490",https://www.buymobile.com.bd/image/cache/catalog/walton/primo_nh3_lite/nh3-lite-228x228.jpg,https://www.buymobile.com.bd/walton-primo-nh3-lite
Walton,Walton Primo NH3 ,"7,790",https://www.buymobile.com.bd/image/cache/catalog/walton/primo_nh3/nh3-228x228.jpg,https://www.buymobile.com.bd/walton-primo-nh3
Huawei,Huawei GR3 2017,"17,900",https://www.buymobile.com.bd/image/cache/catalog/huawei/gr3%202017/b1-228x228.jpg,https://www.buymobile.com.bd/Huawei-GR3-2017
Walton,Walton Primo N3 ,"10,290",https://www.buymobile.com.bd/image/cache/catalog/walton/primo_n3/n3-228x228.jpg,https://www.buymobile.com.bd/walton-primo-n3
Walton,Walton Primo H6 Lite,"9,290",https://www.buymobile.com.bd/image/cache/catalog/walton/primo_h6_lite/b2-228x228.jpg,https://www.buymobile.com.bd/walton-primo-h6-lite
Walton,Walton Primo ZX2,"27,990",https://www.buymobile.com.bd/image/cache/catalog/walton/primo_zx2/11-228x228.jpg,https://www.buymobile.com.bd/walton-primo-zx2
Walton,Walton Primo X4 pro,"28,990",https://www.buymobile.com.bd/image/cache/catalog/walton/primo_x4_pro/11-228x228.jpg,https://www.buymobile.com.bd/walton-primo-x4-pro
Nokia,Nokia 6,"22,500",https://www.buymobile.com.bd/image/cache/catalog/nokia/nokia%206/b1-228x228.jpg,https://www.buymobile.com.bd/Nokia-6
Nokia,Nokia 5,"15,000",https://www.buymobile.com.bd/image/cache/catalog/nokia/nokia%205/b1-228x228.jpg,https://www.buymobile.com.bd/Nokia-5
Nokia,Nokia 3,"13,500",https://www.buymobile.com.bd/image/cache/catalog/nokia/nokia%203/b5-228x228.jpg,https://www.buymobile.com.bd/Nokia-3
Apple,Apple iPhone 7 Plus (32GB),"89,950",https://www.buymobile.com.bd/image/cache/catalog/apple/iphone7/b10-228x228.jpg,https://www.buymobile.com.bd/iPhone-7Plus-32GB
Apple,Apple iPhone 7 Plus (256GB),"93,200",https://www.buymobile.com.bd/image/cache/catalog/apple/iphone7/b7-228x228.jpg,https://www.buymobile.com.bd/iPhone-7Plus-256GB
Apple,Apple iPhone 7 Plus (128GB),"101,650",https://www.buymobile.com.bd/image/cache/catalog/apple/iphone7/b6-228x228.jpg,https://www.buymobile.com.bd/iPhone-7Plus-128GB
Apple,Apple iPhone 7 (256GB),"99,250",https://www.buymobile.com.bd/image/cache/catalog/apple/iphone7/b2-228x228.jpg,https://www.buymobile.com.bd/iPhone-7-256GB
Apple,Apple iPhone 7 (128GB),"72,650",https://www.buymobile.com.bd/image/cache/catalog/apple/iphone7/b5-228x228.jpg,https://www.buymobile.com.bd/iPhone-7-128GB
Apple,Apple iPhone 7 (32GB),"76,000",https://www.buymobile.com.bd/image/cache/catalog/apple/iphone7/b1-228x228.jpg,https://www.buymobile.com.bd/iPhone-7-32GB
Oppo,Oppo F3 Plus,"40,900",https://www.buymobile.com.bd/image/cache/catalog/oppo/f3+/f3+-228x228.jpg,https://www.buymobile.com.bd/Oppo-F3-Plus
Oppo,Oppo F3,"26,500",https://www.buymobile.com.bd/image/cache/catalog/oppo/f3+/b2-228x228.jpg,https://www.buymobile.com.bd/Oppo-F3
OPPO,OPPO A57,"20,500",https://www.buymobile.com.bd/image/cache/catalog/oppo/a57/b3-228x228.jpg,https://www.buymobile.com.bd/OPPO-A57
OPPO,OPPO A37,"10,500",https://www.buymobile.com.bd/image/cache/catalog/oppo/a37/b1-228x228.jpg,https://www.buymobile.com.bd/OPPO-A37
Nokia,Nokia 216 DS,"3,250",https://www.buymobile.com.bd/image/cache/catalog/nokia/216/b3-228x228.jpg,https://www.buymobile.com.bd/Nokia-216-DS
Nokia,Nokia 3310 (2017),"4,500",https://www.buymobile.com.bd/image/cache/catalog/nokia/3310/b1-228x228.jpg,https://www.buymobile.com.bd/Nokia-3310
Nokia,Nokia 105 DS,"1,499",https://www.buymobile.com.bd/image/cache/catalog/nokia/Nokia%20150/nokia-105-228x228.gif,https://www.buymobile.com.bd/Nokia-105-DS
Nokia,Nokia 150 DS,"2,750",https://www.buymobile.com.bd/image/cache/catalog/nokia/Nokia%20150/b1-228x228.jpg,https://www.buymobile.com.bd/Nokia-150-DS
ASUS,ASUS ZenFone Go ZB552KL,"11,490",https://www.buymobile.com.bd/image/cache/catalog/asus/go-ZB552KL/bm1-228x228.jpg,https://www.buymobile.com.bd/ZenFone-Go-ZB552KL
Asus,Asus Zenfone 3S Max ZC521TL,"16,790",https://www.buymobile.com.bd/image/cache/catalog/asus/3s%20max/bm1-228x228.jpg,https://www.buymobile.com.bd/Zenfone-3S-Max-ZC521TL
ASUS,ASUS ZenFone Live ZB501KL,"11,490",https://www.buymobile.com.bd/image/cache/catalog/asus/live/bm1-228x228.jpg,https://www.buymobile.com.bd/ZenFone-Live-ZB501KL
Asus,Asus Zenfone 3 Max ZC553KL,"20,990",https://www.buymobile.com.bd/image/cache/catalog/asus/3%20max/bm1-228x228.jpg,https://www.buymobile.com.bd/Zenfone-3-Max-ZC553KL
ZTE,ZTE Blade S6,"12,990",https://www.buymobile.com.bd/image/cache/catalog/zte/Blade%20S6/b1-228x228.jpg,https://www.buymobile.com.bd/ZTE-Blade-S6
ZTE,ZTE Axon Mini,"22,970",https://www.buymobile.com.bd/image/cache/catalog/zte/Axon%20Mini/b1-228x228.jpg,https://www.buymobile.com.bd/Axon-Mini
ZTE,ZTE Blade A910,"14,900",https://www.buymobile.com.bd/image/cache/catalog/zte/Blade%20A910/bm3-228x228.jpg,https://www.buymobile.com.bd/ZTE-Blade-A910
ZTE,ZTE Blade V7 Lite,"13,900",https://www.buymobile.com.bd/image/cache/catalog/zte/Blade%20V7%20Lite/bm1-228x228.jpg,https://www.buymobile.com.bd/Blade-V7-Lite
Mi,Mi Mix,"69,990",https://www.buymobile.com.bd/image/cache/catalog/xiaomi/xiaomi_mobile/mix/b3-228x228.jpg,https://www.buymobile.com.bd/mi-mix
Redmi,Redmi Note - 4Pro (4+64GB),"21,990",https://www.buymobile.com.bd/image/cache/catalog/xiaomi/Note4pro/BM1-228x228.jpg,https://www.buymobile.com.bd/Redmi-Note-4-pro-4GB
Redmi,Redmi 4X (3GB+32GB),"15,490",https://www.buymobile.com.bd/image/cache/catalog/xiaomi/Redme4X/b2-228x228.jpg,https://www.buymobile.com.bd/Redmi-4X-3GB
Redmi,Redmi 4X (2GB+16GB),"13,490",https://www.buymobile.com.bd/image/cache/catalog/xiaomi/Redme4X/b1-228x228.jpg,https://www.buymobile.com.bd/Redmi-4X-2GB
Coolpad,Coolpad Note 5,"17,990",https://www.buymobile.com.bd/image/cache/catalog/coolpad/note_5/f-1-228x228.jpg,https://www.buymobile.com.bd/coolpad-note-5
Coolpad,Coolpad Mega 3,"10,990",https://www.buymobile.com.bd/image/cache/catalog/coolpad/mega3/f-1-228x228.jpg,https://www.buymobile.com.bd/coolpad-mega-3
Coolpad,Coolpad Note 3s,"14,990",https://www.buymobile.com.bd/image/cache/catalog/coolpad/note_3s/f-1-228x228.jpg,https://www.buymobile.com.bd/coolpad-note-3s
Coolpad,Coolpad Cool 1,"20,990",https://www.buymobile.com.bd/image/cache/catalog/coolpad/cool1/f-1-228x228.jpg,https://www.buymobile.com.bd/coolpad-cool-1
Huawei,Huawei P10,"56,900",https://www.buymobile.com.bd/image/cache/catalog/huawei/p10/b1-228x228.jpg,https://www.buymobile.com.bd/huawei-p10-price-in-bangladesh
Huawei,Huawei P10 Plus,"66,900",https://www.buymobile.com.bd/image/cache/catalog/huawei/p10plus/b-(9)-228x228.jpg,https://www.buymobile.com.bd/huawei-p10-plus
Alcatel,Alcatel 1054D,"1,149",https://www.buymobile.com.bd/image/cache/catalog/alcatel/1054D/b%20(2)-228x228.jpg,https://www.buymobile.com.bd/Alcatel-1054D
Redmi,Redmi 4A 32GB,"11,990",https://www.buymobile.com.bd/image/cache/catalog/xiaomi/Redme4A/4a-228x228.jpg,https://www.buymobile.com.bd/Redmi-4A-32GB
Alcatel,Alcatel 20.45D,"2,499",https://www.buymobile.com.bd/image/cache/catalog/alcatel/2045/bm1-228x228.jpg,https://www.buymobile.com.bd/alcatel-20.45d-3g-phone
Alcatel,Alcatel 2051D,"2,599",https://www.buymobile.com.bd/image/cache/catalog/alcatel/2051/b1-228x228.jpg,https://www.buymobile.com.bd/alcatel-2051d-folding-phone
Alcatel,Alcatel POP 3,"7,299",https://www.buymobile.com.bd/image/cache/catalog/alcatel/pop3/b4-228x228.jpg,https://www.buymobile.com.bd/alcatel-pop-3-5025e
Redmi,Redmi Note - 4Pro (3+32GB),"18,490",https://www.buymobile.com.bd/image/cache/catalog/xiaomi/Note4pro/BM1-228x228.jpg,https://www.buymobile.com.bd/Redmi-Note-4-pro
Redmi,Redmi 4A 16GB,"10,990",https://www.buymobile.com.bd/image/cache/catalog/xiaomi/Redme4A/4a-228x228.jpg,https://www.buymobile.com.bd/Redmi-4A
TCL,TCL 562,"13,999",https://www.buymobile.com.bd/image/cache/catalog/tcl/562/bm1-228x228.jpg,https://www.buymobile.com.bd/TCL Mobile Phone TCL 562
TCL,TCL 560,"4,999",https://www.buymobile.com.bd/image/cache/catalog/tcl/560/bm1-228x228.jpg,https://www.buymobile.com.bd/TCL Mobile Phone TCL 560
Xiaomi,Xiaomi Redmi 3S Prime,"14,990",https://www.buymobile.com.bd/image/cache/catalog/xiaomi/xiaomi_mobile/redmi_3s/bm1-228x228.jpg,https://www.buymobile.com.bd/Redmi 3S Prime
Huawei,Huawei GR5 2017,"22,500",https://www.buymobile.com.bd/image/cache/catalog/huawei/gr5_2017/2-228x228.jpg,https://www.buymobile.com.bd/huawei gr5 2017
Xiaomi,Xiaomi Redmi Note 4,"19,990",https://www.buymobile.com.bd/image/cache/catalog/xiaomi/note_4/1-228x228.jpg,https://www.buymobile.com.bd/xiaomi redmi note 4
OnePlus,OnePlus 3,"31,000",https://www.buymobile.com.bd/image/cache/catalog/oneplus/oneplus%203/1+-228x228.jpg,https://www.buymobile.com.bd/oneplus 3
Xiaomi,Xiaomi Mi Max,"26,490",https://www.buymobile.com.bd/image/cache/catalog/xiaomi/xiaomi_mobile/mimax/bm1-228x228.jpg,https://www.buymobile.com.bd/Xiaomi Mi Max
Xiaomi,Xiaomi Redmi Note 3 pro,"16,990",https://www.buymobile.com.bd/image/cache/catalog/xiaomi/xiaomi_mobile/redmi_note3_pro/bm1-228x228.jpg,https://www.buymobile.com.bd/Xiaomi Redmi Note 3 pro
Xiaomi,Xiaomi Redmi 3 pro,"15,500",https://www.buymobile.com.bd/image/cache/catalog/xiaomi/xiaomi_mobile/redmi_3s/bm3-228x228.jpg,https://www.buymobile.com.bd/Xiaomi Redmi 3 pro
Huawei,Huawei Y6II,"13,900",https://www.buymobile.com.bd/image/cache/catalog/huawei/huawei_y6ii/b1-228x228.jpg,https://www.buymobile.com.bd/Huawei Y6II
Huawei,Huawei Y5II,"8,990",https://www.buymobile.com.bd/image/cache/catalog/huawei/huawei_y5ii/b6-228x228.jpg,https://www.buymobile.com.bd/Huawei Y5II
Xiaomi,Xiaomi Redmi 3s,"12,490",https://www.buymobile.com.bd/image/cache/catalog/xiaomi/xiaomi_mobile/redmi_3s/bm1-228x228.jpg,https://www.buymobile.com.bd/Xiaomi Redmi 3s
Xiaomi,Xiaomi Mi 5,"37,900",https://www.buymobile.com.bd/image/cache/catalog/xiaomi/xiaomi_mobile/mi5/bmf1-228x228.jpg,https://www.buymobile.com.bd/Xiaomi Mi 5
Alcatel,Alcatel Onetouch 2040D ,"1,655",https://www.buymobile.com.bd/image/cache/catalog/alcatel/2040D/bm1-228x228.jpg,https://www.buymobile.com.bd/Alcatel Onetouch 2040D
Alcatel,Alcatel Idol 4,"15,000",https://www.buymobile.com.bd/image/cache/catalog/alcatel/idol_4/bm1-228x228.jpg,https://www.buymobile.com.bd/Alcatel Idol 4
Sony,Sony Xperia C3 Dual,"18,900",https://www.buymobile.com.bd/image/cache/catalog/sony/mobile/c3_dual/bm3-228x228.jpg,https://www.buymobile.com.bd/C3 Dual
Sony,Sony Xperia M4 Aqua Dual,"18,900",https://www.buymobile.com.bd/image/cache/catalog/sony/mobile/m4_aqua/bm1-228x228.jpg,https://www.buymobile.com.bd/M4 Aqua Dual
Sony,Sony Xperia C4 Dual,"26,900",https://www.buymobile.com.bd/image/cache/catalog/sony/mobile/c4_dual/bm6-228x228.jpg,https://www.buymobile.com.bd/C4 Dual
Alcatel,Alcatel Pixi 4 (5inch),"4,799",https://www.buymobile.com.bd/image/cache/catalog/alcatel/pixi4_5/bm2-228x228.jpg,https://www.buymobile.com.bd/Alcatel Pixi 4 (5inch)
Alcatel,Alcatel Pixi 4 (6inch),"6,000",https://www.buymobile.com.bd/image/cache/catalog/alcatel/pixi4_6/discount-228x228.jpg,https://www.buymobile.com.bd/Alcatel Pixi 4 (6inch)
Sony,Sony Xperia C5 Ultra Dual,"27,900",https://www.buymobile.com.bd/image/cache/catalog/sony/mobile/c5_ultra_dual/bm5-228x228.jpg,https://www.buymobile.com.bd/latest-mobile-phone?product_id=225
Sony,Sony Xperia M5 Dual,"29,900",https://www.buymobile.com.bd/image/cache/catalog/sony/mobile/m5_dual/bm3-228x228.jpg,https://www.buymobile.com.bd/latest-mobile-phone?product_id=224
Sony,Sony Xperia Z3 Tablet Compact,"29,900",https://www.buymobile.com.bd/image/cache/catalog/sony/mobile/z3_tablet_compact/bm5-228x228.jpg,https://www.buymobile.com.bd/latest-mobile-phone?product_id=223
Alcatel,Alcatel Onetouch X1,"13,999",https://www.buymobile.com.bd/image/cache/catalog/alcatel/alcatel_x1/white%20x1-228x228.jpg,https://www.buymobile.com.bd/Alcatel Onetouch X1 7053D
Alcatel,Alcatel Onetouch 10.52D,890,https://www.buymobile.com.bd/image/cache/catalog/alcatel/1052/discount-228x228.jpg,https://www.buymobile.com.bd/Alcatel Onetouch 10.52D
Sony,Sony Xperia Z3 Compact ,"36,900",https://www.buymobile.com.bd/image/cache/catalog/sony/mobile/z3_compact/bm1-228x228.jpg,https://www.buymobile.com.bd/Sony Xperia Z3 Compact
Sony,Sony Xperia Z3,"44,900",https://www.buymobile.com.bd/image/cache/catalog/sony/mobile/xperia_z3/bm1-228x228.jpg,https://www.buymobile.com.bd/Sony Xperia Z3
Sony,Sony Xperia Z2 Tablet,"52,900",https://www.buymobile.com.bd/image/cache/catalog/sony/mobile/z2_tablet/bm1-228x228.jpg,https://www.buymobile.com.bd/Sony Xperia Z2 Tablet
Sony,Sony Xperia Z5 Premium Dual,"59,900",https://www.buymobile.com.bd/image/cache/catalog/sony/mobile/z5_premium/bm1-228x228.jpg,https://www.buymobile.com.bd/Sony Xperia Z5 Premium Dual
Sony,Sony Xperia Z5 Dual,"57,900",https://www.buymobile.com.bd/image/cache/catalog/sony/mobile/z5_dual/bm1-228x228.jpg,https://www.buymobile.com.bd/Xperia Z5 Dual
ASUS,ASUS Zenfone ZE601KL Laser,"14,990",https://www.buymobile.com.bd/image/cache/catalog/asus/laser_ze601kl/bm1-228x228.jpg,https://www.buymobile.com.bd/ASUS Zenfone ZE601KL Laser
Alcatel,Alcatel Onetouch Pop Up,"8,499",https://www.buymobile.com.bd/image/cache/catalog/alcatel/pop_up/p1-228x228.jpg,https://www.buymobile.com.bd/Alcatel Onetouch Pop Up
Huawei,Huawei GR3,"15,990",https://www.buymobile.com.bd/image/cache/catalog/huawei/huawei_gr3/p3-228x228.jpg,https://www.buymobile.com.bd/Huawei GR3
Huawei,Huawei Y6 Pro,"11,690",https://www.buymobile.com.bd/image/cache/catalog/huawei/y6_pro/gold-228x228.jpg,https://www.buymobile.com.bd/Huawei Y6 Pro
Lenovo,Lenovo ZUK Z1,"18,999",https://www.buymobile.com.bd/image/cache/catalog/lenovo/zuk_z1/p1-228x228.jpg,https://www.buymobile.com.bd/Lenovo ZUK Z1
ASUS,ASUS Zenfone ZE551ML,"16,990",https://www.buymobile.com.bd/image/cache/catalog/asus/ZE551ML/p1-228x228.png,https://www.buymobile.com.bd/ASUS Zenfone ZE551ML
ASUS,ASUS Zenfone ZE550KL,"14,390",https://www.buymobile.com.bd/image/cache/catalog/asus/ZE550KL/p1-228x228.png,https://www.buymobile.com.bd/ASUS Zenfone ZE550KL
ASUS,ASUS Zenfone 2 Deluxe ZE551ML,"18,590",https://www.buymobile.com.bd/image/cache/catalog/asus/ZE551ML_deluxe/p1-228x228.png,https://www.buymobile.com.bd/ASUS Zenfone ZE551ML Deluxe
Huawei,Huawei MediaPad T1 8,"16,490",https://www.buymobile.com.bd/image/cache/catalog/huawei/media%20pad/17-Huawei-MediaPad-T1-8-228x228.jpg,https://www.buymobile.com.bd/Huawei MediaPad T1 8
Huawei,Huawei MediaPad T1 10,"25,990",https://www.buymobile.com.bd/image/cache/catalog/huawei/media%20pad/15-Huawei-MediaPad-T1-10-228x228.jpg,https://www.buymobile.com.bd/MediaPad T1 10
Alcatel,Alcatel Onetouch Pop Star,"8,499",https://www.buymobile.com.bd/image/cache/catalog/alcatel/pop_star/pop-star-228x228.jpg,https://www.buymobile.com.bd/Alcatel Onetouch Pop Star 5022D
Huawei,Huawei Ascend Mate,"22,990",https://www.buymobile.com.bd/image/cache/catalog/huawei/ascend_mate/Huawei-Ascend-Mate-228x228.jpg,https://www.buymobile.com.bd/Huawei Ascend Mate
Huawei,Huawei Honor 6 Plus,"44,990",https://www.buymobile.com.bd/image/cache/catalog/huawei/honor_6_plus/p3-228x228.jpg,https://www.buymobile.com.bd/Huawei Honor 6 Plus
Huawei,Huawei Honor 6,"33,500",https://www.buymobile.com.bd/image/cache/catalog/huawei/honor_6/p3-228x228.jpg,https://www.buymobile.com.bd/Huawei Honor 6
Huawei,Huawei Honor 3C,"19,500",https://www.buymobile.com.bd/image/cache/catalog/huawei/honor_3c/p3-228x228.jpg,https://www.buymobile.com.bd/Huawei Honor 3C
Huawei,Huawei Honor Holly,"10,990",https://www.buymobile.com.bd/image/cache/catalog/huawei/honor_holly/p3-228x228.jpeg,https://www.buymobile.com.bd/Huawei Honor Holly
Huawei,Huawei Ascend P7,"39,990",https://www.buymobile.com.bd/image/cache/catalog/huawei/ascend_p7/p1-228x228.jpg,https://www.buymobile.com.bd/Huawei Ascend P7 Ascend P7
Huawei,Huawei Ascend P6,"24,990",https://www.buymobile.com.bd/image/cache/catalog/huawei/ascend_p6/p5-228x228.jpg,https://www.buymobile.com.bd/Huawei Ascend P6 Ascend P6
Huawei,Huawei Ascend G730,"16,500",https://www.buymobile.com.bd/image/cache/catalog/huawei/ascend_g730/p4-228x228.jpg,https://www.buymobile.com.bd/Huawei Ascend G730 G730
Huawei,Huawei Ascend G700,"17,500",https://www.buymobile.com.bd/image/cache/catalog/huawei/ascend_g700/Huawei-Ascend-G700-228x228.jpg,https://www.buymobile.com.bd/Huawei Ascend G700 G700
Huawei,Huawei Ascend G630,"15,490",https://www.buymobile.com.bd/image/cache/catalog/huawei/ascend_g630/p4-228x228.jpg,https://www.buymobile.com.bd/Huawei Ascend G630 G630
Huawei,Huawei Ascend Y520,"7,490",https://www.buymobile.com.bd/image/cache/catalog/huawei/ascend_y520/p4-228x228.jpg,https://www.buymobile.com.bd/Huawei Ascend Y520 Y520
Huawei,Huawei Ascend Y511,"6,990",https://www.buymobile.com.bd/image/cache/catalog/huawei/ascend_y511/Huawei-Ascend-Y511-228x228.jpg,https://www.buymobile.com.bd/Huawei Ascend Y511 Y511
Huawei,Huawei MediaPad T1 7.0,"9,990",https://www.buymobile.com.bd/image/cache/catalog/huawei/media%20pad/16-Huawei-MediaPad-T1-7.0-228x228.jpg,https://www.buymobile.com.bd/Huawei MediaPad T1 7.0 T1 7.0
Huawei,Huawei Ascend Mate 7,"52,750",https://www.buymobile.com.bd/image/cache/catalog/huawei/ascend_mate_7/Ascend-Mate7-228x228.jpg,https://www.buymobile.com.bd/Huawei Ascend Mate 7
Huawei,Huawei P8 64GB,"49,990",https://www.buymobile.com.bd/image/cache/catalog/huawei/p8_64gb/front-228x228.jpg,https://www.buymobile.com.bd/Huawei P8 64GB
Huawei,Huawei GR5,"18,990",https://www.buymobile.com.bd/image/cache/catalog/huawei/huawei_gr5/HUAWEI-GR5-228x228.jpg,https://www.buymobile.com.bd/Huawei GR5
Huawei,Huawei Mate 8,"49,990",https://www.buymobile.com.bd/image/cache/catalog/huawei/mate_8/img2-228x228.jpg,https://www.buymobile.com.bd/Huawei Mate 8
Huawei,Huawei P8 16GB,"44,990",https://www.buymobile.com.bd/image/cache/catalog/huawei/huawei_p8/p8-228x228.jpg,https://www.buymobile.com.bd/Huawei P8 16GB
Huawei,Huawei G7 Plus,"26,990",https://www.buymobile.com.bd/image/cache/catalog/huawei/huawei_g7_plus/g7plus-228x228.jpg,https://www.buymobile.com.bd/Huawei G7 Plus
Huawei,Huawei Ascend G7,"25,990",https://www.buymobile.com.bd/image/cache/catalog/huawei/%20ascencd%20g7/2-Huawei-Ascend-G7-228x228.jpg,https://www.buymobile.com.bd/Huawei Ascend G7 
Huawei,Huawei P8 lite,"15,490",https://www.buymobile.com.bd/image/cache/catalog/huawei/p8_lite/img-228x228.png,https://www.buymobile.com.bd/Huawei P8 lite
Huawei,Huawei Honor 4X,"12,990",https://www.buymobile.com.bd/image/cache/catalog/huawei/honor_4x/white-228x228.jpg,https://www.buymobile.com.bd/Huawei Honor 4X
Huawei,Huawei G Play Mini,"12,490",https://www.buymobile.com.bd/image/cache/catalog/huawei/g_play_mini/gplaymini-228x228.jpg,https://www.buymobile.com.bd/Huawei G Play Mini
Nokia,Nokia 230 DS,"5,099",https://www.buymobile.com.bd/image/cache/catalog/microsoft/nokia_230_ds/Nokia-230-Dark-Silver-DSIM-Selfie-screen-228x228.png,https://www.buymobile.com.bd/Nokia 230 DS
Nokia,Nokia 225 DS,"4,600",https://www.buymobile.com.bd/image/cache/catalog/microsoft/nokia_225_ds/nokia_225_-_itmarket.my_(5)__70439_zoom-228x228.jpg,https://www.buymobile.com.bd/Nokia-225-DS
Nokia,Nokia 222 DS,"3,999",https://www.buymobile.com.bd/image/cache/catalog/microsoft/nokia_222_ds/Nokia-222-DSIM-specs-front-black-png-228x228.png,https://www.buymobile.com.bd/Nokia 222 DS
Nokia,Nokia 215 DS,"2,899",https://www.buymobile.com.bd/image/cache/catalog/microsoft/nokia_215_ds/Nokia-215-Dual-SIM-specs-front-black-png-228x228.png,https://www.buymobile.com.bd/Nokia 215 DS
Nokia,Nokia 130 DS,"2,099",https://www.buymobile.com.bd/image/cache/catalog/microsoft/nokia_130_ds/NOKIA-130-DS-562x600-228x228.jpg,https://www.buymobile.com.bd/Nokia 130 DS
Huawei,Huawei Y625,"7,990",https://www.buymobile.com.bd/image/cache/catalog/huawei/huawei_y625/huawei-y625-228x228.jpg,https://www.buymobile.com.bd/Huawei Y625
Huawei,Huawei Y6,"10,990",https://www.buymobile.com.bd/image/cache/catalog/huawei/huawei_Y6/Huawei%20Y6-228x228.jpg,https://www.buymobile.com.bd/Huawei Y6
Huawei,Huawei Y5C,"5,990",https://www.buymobile.com.bd/image/cache/catalog/huawei/huawei_y5c/Huawei-Y5C-228x228.jpg,https://www.buymobile.com.bd/Huawei Y5C 
Huawei,Huawei Y3C,"4,990",https://www.buymobile.com.bd/image/cache/catalog/huawei/huawei_y3c/260480-228x228.jpg,https://www.buymobile.com.bd/Huawei Y3C
Alcatel,Alcatel Onetouch 20.12D,"3,299",https://www.buymobile.com.bd/image/cache/catalog/2012d/2012D-228x228.jpg,https://www.buymobile.com.bd/Alcatel Onetouch 2012D Bar Phone
Nokia,Nokia X2,"12,500",https://www.buymobile.com.bd/image/cache/catalog/microsoft/nokia_x2/Nokia-X2-228x228.jpg,https://www.buymobile.com.bd/Nokia X2
Alcatel,Alcatel  Onetouch Pop 8,"13,999",https://www.buymobile.com.bd/image/cache/catalog/tab8/8-228x228.jpg,https://www.buymobile.com.bd/Alcatel  Onetouch Pop 8 P-320
Alcatel,Alcatel Onetouch Pop 7,"6,499",https://www.buymobile.com.bd/image/cache/catalog/tab7/pop7-228x228.jpg,https://www.buymobile.com.bd/Alcatel Onetouch Pop 7 P-310
Alcatel,Alcatel Onetouch 10.41D,"1,249",https://www.buymobile.com.bd/image/cache/catalog/10.41D/Untitled-1-228x228.png,https://www.buymobile.com.bd/Alcatel Onetouch 10.41D 
Apple,Iphone 6 Plus (16GB),"86,640",https://www.buymobile.com.bd/image/cache/catalog/apple_6_plus/apple-iphone-6-plus-400x400-imaeynypmytfsxv5-228x228.jpeg,https://www.buymobile.com.bd/Iphone 6 plus 16 GB
Apple,iPhone 6S (128GB),"92,999",https://www.buymobile.com.bd/image/cache/catalog/apple_s_16_GB/apple-iphone-6s-na-400x400-imaebym7xbtayesf-228x228.jpeg,https://www.buymobile.com.bd/iPhone 6 S 128 GB
Apple,iPhone 6S (64GB),"81,999",https://www.buymobile.com.bd/image/cache/catalog/apple_s_16_GB/apple-iphone-6s-na-400x400-imaebym8qz2hhh8n-228x228.jpeg,https://www.buymobile.com.bd/iPhone 6 S 64 GB
Apple,iPhone 6S (16GB),"71,499",https://www.buymobile.com.bd/image/cache/catalog/apple_s_16_GB/apple-iphone-6s-na-400x400-imaebym6vqhggczq-228x228.jpeg,https://www.buymobile.com.bd/iPhone 6 S 16 GB
Apple,iPhone 6 Plus (128GB),"94,500",https://www.buymobile.com.bd/image/cache/catalog/apple_6_plus_128GB/apple-iphone-6-plus-400x400-imaeymdqfzw2zzhw-228x228.jpeg,https://www.buymobile.com.bd/iPhone 6 Plus 128 GB
Apple,Iphone 6 Plus (64GB),"83,400",https://www.buymobile.com.bd/image/cache/catalog/apple_6_plus/apple-iphone-6-plus-400x400-imaeymdqx2g2wtjn-228x228.jpeg,https://www.buymobile.com.bd/Iphone 6 plus 64 GB A1524
Apple,iPhone 6 (64GB),"75,999",https://www.buymobile.com.bd/image/cache/catalog/apple_6_64gb/apple-iphone-6-400x400-imaeymdqs5gm5xkz-228x228.jpeg,https://www.buymobile.com.bd/iPhone 6 64 GB
Apple,iPhone 6 (16GB),"61,200",https://www.buymobile.com.bd/image/cache/catalog/apple_6/apple-iphone-6-400x400-imaeynyptwbgfn5s-228x228.jpeg,https://www.buymobile.com.bd/iPhone 6 16 GB
Nokia,Nokia XL ,"13,990",https://www.buymobile.com.bd/image/cache/catalog/NokiaXL/Nokia-XL-228x228.jpg,https://www.buymobile.com.bd/Nokia XL 
Nokia,Nokia 105 SS,"1,399",https://www.buymobile.com.bd/image/cache/catalog/nokia/Nokia%20150/nok-228x228.gif,https://www.buymobile.com.bd/Nokia 105 
Alcatel,Alcatel  Onetouch Pop C2 ,"2,200",https://www.buymobile.com.bd/image/cache/catalog/popc2/Untitled-1-228x228.png,https://www.buymobile.com.bd/Alcatel  Onetouch Pop C2 4032D
Alcatel,Alcatel Onetouch Pop D5,"5,499",https://www.buymobile.com.bd/image/cache/catalog/popd5/Untitled-1-228x228.png,https://www.buymobile.com.bd/Alcatel Onetouch Pop D5 5038D
Alcatel,Alcatel  Onetouch Pop C5,"2,499",https://www.buymobile.com.bd/image/cache/catalog/popc5/Untitled-1-228x228.png,https://www.buymobile.com.bd/Alcatel  Onetouch Pop C5 5036D
Alcatel,Alcatel  Onetouch Fire C,"1,499",https://www.buymobile.com.bd/image/cache/catalog/FIRE%20C/Fire%20C%202G%20Bluish%20Black%20Front%20V1.0-228x228.jpg,https://www.buymobile.com.bd/alcatel-onetouch-fire-c-4020d
Alcatel,Alcatel  Onetouch Pop C9,"5,999",https://www.buymobile.com.bd/image/cache/catalog/POPC9/c9-228x228.jpg,https://www.buymobile.com.bd/Alcatel  Onetouch Pop C9 7047D
Alcatel,Alcatel  Onetouch Pop C7,"3,999",https://www.buymobile.com.bd/image/cache/catalog/popc7/POP%20C7%20Full%20White%20Front%20V1.0-228x228.png,https://www.buymobile.com.bd/Alcatel  Onetouch Pop C7 7040D
Alcatel,Alcatel  Onetouch Star,"5,499",https://www.buymobile.com.bd/image/cache/catalog/star/Untitled-1-228x228.png,https://www.buymobile.com.bd/Alcatel  Onetouch Star 6010D
Alcatel,Alcatel  Onetouch Pop D1,"2,499",https://www.buymobile.com.bd/image/cache/catalog/popd1/POP%20D1%20Midnight%20Blue%20White%20TP%20Front%20V1.0-228x228.png,https://www.buymobile.com.bd/Alcatel  Onetouch Pop D1 4018D
Alcatel,Alcatel  Onetouch Pop C1,"2,200",https://www.buymobile.com.bd/image/cache/catalog/popc1/c1-228x228.jpg,https://www.buymobile.com.bd/Alcatel  Onetouch Pop C1 4015D
Alcatel,Alcatel Onetouch Flash 2 7049D,"10,499",https://www.buymobile.com.bd/image/cache/catalog/flash2/Volcanic_Gray_Pers09-228x228.jpg,https://www.buymobile.com.bd/Alcatel Onetouch Flash 2 7049D
Alcatel,Alcatel Onetouch Idol 2 Mini S,"4,999",https://www.buymobile.com.bd/image/cache/catalog/idol2minis/feature-228x228.jpg,https://www.buymobile.com.bd/Alcatel Onetouch Idol 2 Mini S 6036Y
Alcatel,Alcatel Onetouch Pop S3,"3,999",https://www.buymobile.com.bd/image/cache/catalog/pops3/s3-228x228.jpg,https://www.buymobile.com.bd/Alcatel Onetouch Pop S3 5050X
Alcatel,Alcatel Onetouch Idol2S,"9,999",https://www.buymobile.com.bd/image/cache/catalog/idol2s/idol2s-228x228.png,https://www.buymobile.com.bd/Alcatel Onetouch Idol2S  6050Y
Alcatel,Alcatel Onetouch Pop S9,"9,999",https://www.buymobile.com.bd/image/cache/catalog/pops9/idolpop-228x228.jpg,https://www.buymobile.com.bd/Alcatel Onetouch Pop S9 7050Y
Alcatel,Alcatel Onetouch Idol 2 Mini ,"4,299",https://www.buymobile.com.bd/image/cache/catalog/idol2mini/IDOL%202%20MINI%20(White)Slate%20Front%20V2.0-228x228.png,https://www.buymobile.com.bd/Alcatel Onetouch Idol 2 Mini 6016E
Alcatel,Alcatel Onetouch Idolx+,"7,499",https://www.buymobile.com.bd/image/cache/catalog/idolx+/idol-x+1-228x228.jpg,https://www.buymobile.com.bd/Alcatel Onetouch Idolx Plus  6043D
Alcatel,Alcatel Onetouch Pop D3,"2,499",https://www.buymobile.com.bd/image/cache/catalog/alcatel/d3-/d3-228x228.jpg,https://www.buymobile.com.bd/Alcatel Onetouch Pop D3  4035D
Alcatel,Alcatel Onetouch Idol Mini,"4,999",https://www.buymobile.com.bd/image/cache/catalog/Idol%20Mini/ONE%20TOUCH%20IDOL%20MINI%20Metallic%20Red%20Special%20V2-228x228.jpg,https://www.buymobile.com.bd/Alcatel Onetouch Idol Mini 6012D
Alcatel,Alcatel Onetouch Idol Alpha,"11,999",https://www.buymobile.com.bd/image/cache/catalog/alpha/mobileshow-228x228.png,https://www.buymobile.com.bd/Alcatel onetouch Idol Alpha 6032X
Alcatel,Alcatel Onetouch 20.07D,"2,299",https://www.buymobile.com.bd/image/cache/catalog/2007D/p2-228x228.jpg,https://www.buymobile.com.bd/Alcatel Onetouch 20.07D
Alcatel,Alcatel Onetouch Flash,"8,888",https://www.buymobile.com.bd/image/cache/catalog/flash/flashfear-228x228.jpg,https://www.buymobile.com.bd/Alcatel Onetouch Flash  6042D
Alcatel,Alcatel  Onetouch Idol x,"12,799",https://www.buymobile.com.bd/image/cache/catalog/idolx/red-228x228.jpg,https://www.buymobile.com.bd/Alcatel  Onetouch Idol x  6040D
